﻿<?xml version="1.0" encoding="utf-8"?><meta xmlns:xsi="http://www.w3.org/2001/XMLSchema-instance" xmlns:xsd="http://www.w3.org/2001/XMLSchema"><project id="6WKz6hJR8h6" courseid="6cjqoMpkz4t_course_id" thumburl="story_content/thumbnail.jpg" title="E-MODULE KOLOID 1.4.2" datepublished="2023-01-14T20:19:18" version="1.0.0.0" flashdata="story_content/data.swf" html5data="mobile/data.json" mobiledata="mobile/data.gz" enabledownload="false" duration="About 31 minutes" totalaudio="0" totalvideo="408959"><description>


</description><keywords /><slidemeta moniker="slide" monikerplural="slides" viewslides="83" slidecountdescription="83 slides" /><author name="ACER" email="" website="" /><application name="Articulate Storyline" version="3.3.15007.0" xmlversion="4.0" /></project></meta>