<?xml version="1.0" encoding="utf-8"?>
<bwFrame xmlns:xsi="http://www.w3.org/2001/XMLSchema-instance" xmlns:xsd="http://www.w3.org/2001/XMLSchema" default_layout="pxabnsnfns00000000101" textdirection="ltr" device="false" fontscale="100" kbshortcuts="false" skip_nav_enabled="true" outputtype="undefined" theme="classic">
  <layouts>
    <layout name="npnxnanbsnfns00000000101" font="Open Sans" controllayout="npnxnanbsnfns00000000101" colorscheme="pxabnsnfns00000000101" string_table="pxabnsnfns00000000101" />
    <layout name="pxabnsnfns00000000101" font="Open Sans" controllayout="pxabnsnfns00000000101" colorscheme="pxabnsnfns00000000101" string_table="pxabnsnfns00000000101" />
    <layout name="npxnabnsnfns00000000101" font="Open Sans" controllayout="npxnabnsnfns00000000101" colorscheme="pxabnsnfns00000000101" string_table="pxabnsnfns00000000101" />
    <layout name="npnxnanbnsnfns00000000101" font="Open Sans" controllayout="npnxnanbnsnfns00000000101" colorscheme="pxabnsnfns00000000101" string_table="pxabnsnfns00000000101" />
    <layout name="pxabnsnfns00000000100" font="Open Sans" controllayout="pxabnsnfns00000000100" colorscheme="pxabnsnfns00000000101" string_table="pxabnsnfns00000000101" />
  </layouts>
  <control_options>
    <optiongroups>
      <optiongroup name="sidebaroptions">
        <options>
          <option name="title_enabled" value="true">
            <options>
              <option name="title_text" value="E-MODULE KOLOID 1.4.2" />
            </options>
          </option>
          <option name="logo_enabled" value="false">
            <options />
          </option>
          <option name="sidebar_enabled" value="false">
            <options>
              <option name="sidebarpos" value="left" />
              <option name="closed" value="false" />
            </options>
          </option>
          <optionlist name="tabs">
            <listitems>
              <listitem name="resources" value="false" group="linkright" />
              <listitem name="outline" value="false" group="sidebar" />
              <listitem name="glossary" value="false" group="sidebar" />
              <listitem name="transcript" value="false" group="sidebar" />
            </listitems>
          </optionlist>
          <option name="time_enabled" value="false">
            <options>
              <option name="time_format" value="elapsed" />
            </options>
          </option>
          <option name="video_enabled" value="false">
            <options>
              <option name="height" value="135" />
            </options>
          </option>
        </options>
      </optiongroup>
      <optiongroup name="menuoptions">
        <options>
          <option name="flow" value="free" />
          <option name="wraplistitems" value="false" />
          <option name="tooltips" value="true" />
          <option name="autocollapse" value="true" />
          <option name="autonumber" value="false" />
          <option name="enableresultsicons" value="true" />
        </options>
      </optiongroup>
      <optiongroup name="controls">
        <options>
          <option name="volume" value="true" />
          <option name="seekbar" value="false">
            <options>
              <option name="readonly" value="false" />
              <option name="readonlyOnce" value="false" />
            </options>
          </option>
          <option name="pauseplay" value="false" />
          <option name="replay" value="false" />
          <option name="search" value="false" />
          <option name="closed_captions" value="false">
            <options>
              <option name="font" value="Open Sans" />
            </options>
          </option>
        </options>
      </optiongroup>
      <optiongroup name="bottombaroptions">
        <options>
          <option name="bottombar_enabled" value="true" />
        </options>
      </optiongroup>
    </optiongroups>
  </control_options>
  <control_layouts>
    <control_layout name="npnxnanbsnfns00000000101">
      <control name="volume" enabled="true" />
      <control name="seekbar" enabled="false" />
      <control name="replay" enabled="false" />
      <control name="pauseplay" enabled="false" />
      <control name="logo" enabled="false" />
      <control name="previous" enabled="false" />
      <control name="next" enabled="false" />
      <control name="swipeleft" enabled="false" />
      <control name="swiperight" enabled="false" />
      <control name="submit" enabled="true" />
      <control name="finish" enabled="false" />
      <control name="submitall" enabled="false" />
      <control name="resources" enabled="false" />
      <control name="glossary" enabled="false" />
      <control name="transcript" enabled="false" />
      <control name="outline" enabled="false">
        <controls>
          <control name="search" enabled="false" />
        </controls>
      </control>
      <control name="close_btn" enabled="true" />
    </control_layout>
    <control_layout name="pxabnsnfns00000000101">
      <control name="volume" enabled="true" />
      <control name="seekbar" enabled="false" />
      <control name="replay" enabled="false" />
      <control name="pauseplay" enabled="false" />
      <control name="logo" enabled="false" />
      <control name="previous" enabled="true" />
      <control name="next" enabled="true" />
      <control name="swipeleft" enabled="true" />
      <control name="swiperight" enabled="true" />
      <control name="submit" enabled="false" />
      <control name="finish" enabled="false" />
      <control name="submitall" enabled="false" />
      <control name="resources" enabled="false" />
      <control name="glossary" enabled="false" />
      <control name="transcript" enabled="false" />
      <control name="outline" enabled="false">
        <controls>
          <control name="search" enabled="false" />
        </controls>
      </control>
      <control name="close_btn" enabled="true" />
    </control_layout>
    <control_layout name="npxnabnsnfns00000000101">
      <control name="volume" enabled="true" />
      <control name="seekbar" enabled="false" />
      <control name="replay" enabled="false" />
      <control name="pauseplay" enabled="false" />
      <control name="logo" enabled="false" />
      <control name="previous" enabled="false" />
      <control name="next" enabled="true" />
      <control name="swipeleft" enabled="false" />
      <control name="swiperight" enabled="true" />
      <control name="submit" enabled="false" />
      <control name="finish" enabled="false" />
      <control name="submitall" enabled="false" />
      <control name="resources" enabled="false" />
      <control name="glossary" enabled="false" />
      <control name="transcript" enabled="false" />
      <control name="outline" enabled="false">
        <controls>
          <control name="search" enabled="false" />
        </controls>
      </control>
      <control name="close_btn" enabled="true" />
    </control_layout>
    <control_layout name="npnxnanbnsnfns00000000101">
      <control name="volume" enabled="true" />
      <control name="seekbar" enabled="false" />
      <control name="replay" enabled="false" />
      <control name="pauseplay" enabled="false" />
      <control name="logo" enabled="false" />
      <control name="previous" enabled="false" />
      <control name="next" enabled="false" />
      <control name="swipeleft" enabled="false" />
      <control name="swiperight" enabled="false" />
      <control name="submit" enabled="false" />
      <control name="finish" enabled="false" />
      <control name="submitall" enabled="false" />
      <control name="resources" enabled="false" />
      <control name="glossary" enabled="false" />
      <control name="transcript" enabled="false" />
      <control name="outline" enabled="false">
        <controls>
          <control name="search" enabled="false" />
        </controls>
      </control>
      <control name="close_btn" enabled="true" />
    </control_layout>
    <control_layout name="pxabnsnfns00000000100">
      <control name="volume" enabled="true" />
      <control name="seekbar" enabled="false" />
      <control name="replay" enabled="false" />
      <control name="pauseplay" enabled="false" />
      <control name="logo" enabled="false" />
      <control name="previous" enabled="true" />
      <control name="next" enabled="true" />
      <control name="swipeleft" enabled="true" />
      <control name="swiperight" enabled="true" />
      <control name="submit" enabled="false" />
      <control name="finish" enabled="false" />
      <control name="submitall" enabled="false" />
      <control name="resources" enabled="false" />
      <control name="glossary" enabled="false" />
      <control name="transcript" enabled="false" />
      <control name="outline" enabled="false">
        <controls>
          <control name="search" enabled="false" />
        </controls>
      </control>
      <control name="close_btn" enabled="false" />
    </control_layout>
  </control_layouts>
  <colorschemes>
    <colorscheme name="pxabnsnfns00000000101">
      <color_group name="infopanel">
        <group_colors>
          <color name="link_text">
            <fill type="linear" rotation="90">
              <colors>
                <color rgb="0x7C2280" alpha="100" stop="0" />
              </colors>
            </fill>
          </color>
          <color name="link_hover">
            <fill type="linear" rotation="90">
              <colors>
                <color rgb="0x0000EE" alpha="100" stop="0" />
              </colors>
            </fill>
          </color>
          <color name="bg">
            <fill type="linear" rotation="90">
              <colors>
                <color rgb="0xFFFFFF" alpha="100" stop="0" />
              </colors>
            </fill>
          </color>
          <color name="shadow">
            <fill type="linear" rotation="90">
              <colors>
                <color rgb="0xB8B8B8" alpha="100" stop="0" />
              </colors>
            </fill>
          </color>
          <color name="name_text">
            <fill type="linear" rotation="90">
              <colors>
                <color rgb="0x444444" alpha="100" stop="0" />
              </colors>
            </fill>
          </color>
          <color name="title_text">
            <fill type="linear" rotation="90">
              <colors>
                <color rgb="0x999999" alpha="100" stop="0" />
              </colors>
            </fill>
          </color>
        </group_colors>
      </color_group>
      <color_group name="infopanelpopup">
        <group_colors>
          <color name="link_text">
            <fill type="linear" rotation="90">
              <colors>
                <color rgb="0x7C2280" alpha="100" stop="0" />
              </colors>
            </fill>
          </color>
          <color name="link_hover">
            <fill type="linear" rotation="90">
              <colors>
                <color rgb="0x0000EE" alpha="100" stop="0" />
              </colors>
            </fill>
          </color>
          <color name="bg">
            <fill type="linear" rotation="90">
              <colors>
                <color rgb="0xE9E9E9" alpha="100" stop="0" />
                <color rgb="0xCFCFCF" alpha="100" stop="255" />
              </colors>
            </fill>
          </color>
          <color name="shadow">
            <fill type="linear" rotation="90">
              <colors>
                <color rgb="0xB8B8B8" alpha="100" stop="0" />
              </colors>
            </fill>
          </color>
          <color name="name_text">
            <fill type="linear" rotation="90">
              <colors>
                <color rgb="0x444444" alpha="100" stop="0" />
              </colors>
            </fill>
          </color>
          <color name="bio_text">
            <fill type="linear" rotation="90">
              <colors>
                <color rgb="0x999999" alpha="100" stop="0" />
              </colors>
            </fill>
          </color>
        </group_colors>
      </color_group>
      <color_group name="timer">
        <group_colors>
          <color name="duration">
            <fill type="linear" rotation="90">
              <colors>
                <color rgb="0x00D7FF" alpha="100" stop="0" />
                <color rgb="0x00ABFF" alpha="100" stop="255" />
              </colors>
            </fill>
          </color>
          <color name="elapsed">
            <fill type="linear" rotation="90">
              <colors>
                <color rgb="0xFEE347" alpha="100" stop="0" />
                <color rgb="0xFCCC2A" alpha="100" stop="255" />
              </colors>
            </fill>
          </color>
          <color name="stroke">
            <fill type="linear" rotation="90">
              <colors>
                <color rgb="0xC7C7C7" alpha="100" stop="0" />
              </colors>
            </fill>
          </color>
          <color name="inner">
            <fill type="linear" rotation="90">
              <colors>
                <color rgb="0xFFFFFF" alpha="100" stop="0" />
              </colors>
            </fill>
          </color>
          <color name="text">
            <fill type="linear" rotation="90">
              <colors>
                <color rgb="0x555555" alpha="100" stop="0" />
              </colors>
            </fill>
          </color>
        </group_colors>
      </color_group>
      <color_group name="window">
        <group_colors>
          <color name="text">
            <fill type="linear" rotation="90">
              <colors>
                <color rgb="0x555555" alpha="100" stop="0" />
              </colors>
            </fill>
          </color>
          <color name="inner">
            <fill type="linear" rotation="90">
              <colors>
                <color rgb="0xEAEAEA" alpha="100" stop="0" />
                <color rgb="0xCFCFCF" alpha="100" stop="255" />
              </colors>
            </fill>
          </color>
          <color name="bg">
            <fill type="linear" rotation="90">
              <colors>
                <color rgb="0xF3F3F3" alpha="100" stop="0" />
              </colors>
            </fill>
          </color>
          <color name="diva">
            <fill type="linear" rotation="90">
              <colors>
                <color rgb="0xF7F7F7" alpha="100" stop="0" />
              </colors>
            </fill>
          </color>
          <color name="divb">
            <fill type="linear" rotation="90">
              <colors>
                <color rgb="0xD3D3D3" alpha="100" stop="0" />
              </colors>
            </fill>
          </color>
          <color name="shadow">
            <fill type="linear" rotation="90">
              <colors>
                <color rgb="0x000000" alpha="20" stop="0" />
              </colors>
            </fill>
          </color>
        </group_colors>
      </color_group>
      <color_group name="editor">
        <group_colors>
          <color name="slide_text">
            <fill type="linear" rotation="90">
              <colors>
                <color rgb="0x555555" alpha="100" stop="0" />
              </colors>
            </fill>
          </color>
          <color name="html_text">
            <fill type="linear" rotation="90">
              <colors>
                <color rgb="0x444444" alpha="100" stop="0" />
              </colors>
            </fill>
          </color>
          <color name="btn_bg">
            <fill type="linear" rotation="90">
              <colors>
                <color rgb="0xF5F5F5" alpha="100" stop="0" />
                <color rgb="0xC7C7C7" alpha="100" stop="255" />
              </colors>
            </fill>
          </color>
          <color name="btn_hover">
            <fill type="linear" rotation="90">
              <colors>
                <color rgb="0xF2F2F2" alpha="100" stop="0" />
                <color rgb="0xAFAFAF" alpha="100" stop="255" />
              </colors>
            </fill>
          </color>
          <color name="btn_down">
            <fill type="linear" rotation="90">
              <colors>
                <color rgb="0xC7C7C7" alpha="100" stop="0" />
                <color rgb="0xF4F4F4" alpha="100" stop="255" />
              </colors>
            </fill>
          </color>
          <color name="btn_border">
            <fill type="linear" rotation="90">
              <colors>
                <color rgb="0xB1B1B1" alpha="100" stop="0" />
              </colors>
            </fill>
          </color>
          <color name="btn_text">
            <fill type="linear" rotation="90">
              <colors>
                <color rgb="0x353535" alpha="100" stop="0" />
              </colors>
            </fill>
          </color>
          <color name="btn_text_shadow">
            <fill type="linear" rotation="90">
              <colors>
                <color rgb="0xF0F0F0" alpha="100" stop="0" />
              </colors>
            </fill>
          </color>
        </group_colors>
      </color_group>
      <color_group name="listitem">
        <group_colors>
          <color name="selected_text">
            <fill type="linear" rotation="90">
              <colors>
                <color rgb="0x353535" alpha="100" stop="0" />
              </colors>
            </fill>
          </color>
          <color name="lines">
            <fill type="linear" rotation="90">
              <colors>
                <color rgb="0xDFDFDF" alpha="100" stop="0" />
              </colors>
            </fill>
          </color>
          <color name="hover">
            <fill type="linear" rotation="90">
              <colors>
                <color rgb="0xE6E6E6" alpha="100" stop="0" />
              </colors>
            </fill>
          </color>
          <color name="viewed">
            <fill type="linear" rotation="90">
              <colors>
                <color rgb="0x909090" alpha="100" stop="0" />
              </colors>
            </fill>
          </color>
          <color name="text">
            <fill type="linear" rotation="90">
              <colors>
                <color rgb="0x353535" alpha="100" stop="0" />
              </colors>
            </fill>
          </color>
          <color name="selected">
            <fill type="linear" rotation="90">
              <colors>
                <color rgb="0xC0E2F1" alpha="100" stop="0" />
              </colors>
            </fill>
          </color>
          <color name="shadow">
            <fill type="linear" rotation="90">
              <colors>
                <color rgb="0xFFFFFF" alpha="100" stop="0" />
              </colors>
            </fill>
          </color>
        </group_colors>
      </color_group>
      <color_group name="base">
        <group_colors>
          <color name="text">
            <fill type="linear" rotation="90">
              <colors>
                <color rgb="0x555555" alpha="100" stop="0" />
              </colors>
            </fill>
          </color>
          <color name="diva">
            <fill type="linear" rotation="90">
              <colors>
                <color rgb="0xD3D3D3" alpha="100" stop="0" />
              </colors>
            </fill>
          </color>
          <color name="divb">
            <fill type="linear" rotation="90">
              <colors>
                <color rgb="0xF7F7F7" alpha="100" stop="0" />
              </colors>
            </fill>
          </color>
          <color name="bg">
            <fill type="linear" rotation="90">
              <colors>
                <color rgb="0xE9E9E9" alpha="100" stop="0" />
                <color rgb="0xCFCFCF" alpha="100" stop="255" />
              </colors>
            </fill>
          </color>
          <color name="border">
            <fill type="linear" rotation="90">
              <colors>
                <color rgb="0xE9E9E9" alpha="100" stop="0" />
                <color rgb="0xF3F3F3" alpha="100" stop="255" />
              </colors>
            </fill>
          </color>
          <color name="menu_shade">
            <fill type="linear" rotation="90">
              <colors>
                <color rgb="0xDBDBDB" alpha="100" stop="0" />
                <color rgb="0xC3C3C3" alpha="100" stop="255" />
              </colors>
            </fill>
          </color>
          <color name="slide_bg">
            <fill type="linear" rotation="90">
              <colors>
                <color rgb="0xE9E9E9" alpha="100" stop="0" />
                <color rgb="0xCFCFCF" alpha="100" stop="255" />
              </colors>
            </fill>
          </color>
        </group_colors>
      </color_group>
      <color_group name="button">
        <group_colors>
          <color name="btn_bg">
            <fill type="linear" rotation="90">
              <colors>
                <color rgb="0xF5F5F5" alpha="100" stop="0" />
                <color rgb="0xC7C7C7" alpha="100" stop="255" />
              </colors>
            </fill>
          </color>
          <color name="btn_hover">
            <fill type="linear" rotation="90">
              <colors>
                <color rgb="0xF2F2F2" alpha="100" stop="0" />
                <color rgb="0xAFAFAF" alpha="100" stop="255" />
              </colors>
            </fill>
          </color>
          <color name="btn_down">
            <fill type="linear" rotation="90">
              <colors>
                <color rgb="0xC7C7C7" alpha="100" stop="0" />
                <color rgb="0xF4F4F4" alpha="100" stop="255" />
              </colors>
            </fill>
          </color>
          <color name="btn_border">
            <fill type="linear" rotation="90">
              <colors>
                <color rgb="0xB1B1B1" alpha="100" stop="0" />
              </colors>
            </fill>
          </color>
          <color name="btn_text">
            <fill type="linear" rotation="90">
              <colors>
                <color rgb="0x353535" alpha="100" stop="0" />
              </colors>
            </fill>
          </color>
          <color name="btn_text_shadow">
            <fill type="linear" rotation="90">
              <colors>
                <color rgb="0xF0F0F0" alpha="100" stop="0" />
              </colors>
            </fill>
          </color>
          <color name="btn_icon_color">
            <fill type="linear" rotation="90">
              <colors>
                <color rgb="0x353535" alpha="100" stop="0" />
              </colors>
            </fill>
          </color>
          <color name="btn_glow">
            <fill type="linear" rotation="90">
              <colors>
                <color rgb="0xCFCFCF" alpha="100" stop="0" />
              </colors>
            </fill>
          </color>
        </group_colors>
      </color_group>
      <color_group name="checkbox">
        <group_colors>
          <color name="border">
            <fill type="linear" rotation="90">
              <colors>
                <color rgb="0xB8B8B8" alpha="100" stop="0" />
              </colors>
            </fill>
          </color>
          <color name="bg">
            <fill type="linear" rotation="90">
              <colors>
                <color rgb="0xFFFFFF" alpha="100" stop="0" />
              </colors>
            </fill>
          </color>
          <color name="check">
            <fill type="linear" rotation="90">
              <colors>
                <color rgb="0x33CC00" alpha="100" stop="0" />
              </colors>
            </fill>
          </color>
          <color name="text">
            <fill type="linear" rotation="90">
              <colors>
                <color rgb="0x444444" alpha="100" stop="0" />
              </colors>
            </fill>
          </color>
          <color name="hover">
            <fill type="linear" rotation="90">
              <colors>
                <color rgb="0x6BF8FF" alpha="100" stop="0" />
              </colors>
            </fill>
          </color>
        </group_colors>
      </color_group>
      <color_group name="logo">
        <group_colors>
          <color name="bg">
            <fill type="linear" rotation="90">
              <colors>
                <color rgb="0xFFFFFF" alpha="100" stop="0" />
              </colors>
            </fill>
          </color>
          <color name="shadow">
            <fill type="linear" rotation="90">
              <colors>
                <color rgb="0xB8B8B8" alpha="100" stop="0" />
              </colors>
            </fill>
          </color>
        </group_colors>
      </color_group>
      <color_group name="menu">
        <group_colors>
          <color name="bg">
            <fill type="linear" rotation="90">
              <colors>
                <color rgb="0xF3F3F3" alpha="100" stop="0" />
              </colors>
            </fill>
          </color>
          <color name="shadow">
            <fill type="linear" rotation="90">
              <colors>
                <color rgb="0xB8B8B8" alpha="100" stop="0" />
              </colors>
            </fill>
          </color>
        </group_colors>
      </color_group>
      <color_group name="scrollarea">
        <group_colors>
          <color name="bg">
            <fill type="linear" rotation="0">
              <colors>
                <color rgb="0xDEDEDE" alpha="100" stop="0" />
                <color rgb="0xE8E8E8" alpha="100" stop="128" />
              </colors>
            </fill>
          </color>
          <color name="border">
            <fill type="linear" rotation="90">
              <colors>
                <color rgb="0xF6F6F6" alpha="100" stop="0" />
                <color rgb="0xF3F3F3" alpha="100" stop="255" />
              </colors>
            </fill>
          </color>
          <color name="button_bg">
            <fill type="linear" rotation="90">
              <colors>
                <color rgb="0xC4C4C4" alpha="100" stop="0" />
                <color rgb="0xB2B2B2" alpha="100" stop="255" />
              </colors>
            </fill>
          </color>
          <color name="button_inner">
            <fill type="linear" rotation="90">
              <colors>
                <color rgb="0xCBCBCB" alpha="100" stop="0" />
                <color rgb="0xBABABA" alpha="100" stop="255" />
              </colors>
            </fill>
          </color>
          <color name="button_border">
            <fill type="linear" rotation="90">
              <colors>
                <color rgb="0xB8B8B8" alpha="100" stop="0" />
              </colors>
            </fill>
          </color>
          <color name="icons">
            <fill type="linear" rotation="90">
              <colors>
                <color rgb="0x555555" alpha="100" stop="0" />
              </colors>
            </fill>
          </color>
          <color name="shadow">
            <fill type="linear" rotation="90">
              <colors>
                <color rgb="0xD9D9D9" alpha="100" stop="0" />
              </colors>
            </fill>
          </color>
          <color name="detaila">
            <fill type="linear" rotation="90">
              <colors>
                <color rgb="0xA7A7A7" alpha="100" stop="0" />
              </colors>
            </fill>
          </color>
          <color name="detailb">
            <fill type="linear" rotation="90">
              <colors>
                <color rgb="0xCFCFCF" alpha="100" stop="0" />
              </colors>
            </fill>
          </color>
        </group_colors>
      </color_group>
      <color_group name="searchinput">
        <group_colors>
          <color name="bg">
            <fill type="linear" rotation="90">
              <colors>
                <color rgb="0xDFDFDF" alpha="100" stop="0" />
              </colors>
            </fill>
          </color>
          <color name="border">
            <fill type="linear" rotation="90">
              <colors>
                <color rgb="0xADADAD" alpha="100" stop="0" />
                <color rgb="0xFAFAFA" alpha="100" stop="255" />
              </colors>
            </fill>
          </color>
          <color name="icon">
            <fill type="linear" rotation="90">
              <colors>
                <color rgb="0x8A8A8A" alpha="100" stop="0" />
              </colors>
            </fill>
          </color>
          <color name="button_hover">
            <fill type="linear" rotation="90">
              <colors>
                <color rgb="0xF5F5F5" alpha="100" stop="0" />
                <color rgb="0xC7C7C7" alpha="100" stop="255" />
              </colors>
            </fill>
          </color>
          <color name="hover_glow">
            <fill type="linear" rotation="90">
              <colors>
                <color rgb="0x6BF8FF" alpha="100" stop="0" />
              </colors>
            </fill>
          </color>
          <color name="search_text">
            <fill type="linear" rotation="90">
              <colors>
                <color rgb="0x8A8A8A" alpha="100" stop="0" />
              </colors>
            </fill>
          </color>
          <color name="bg_active">
            <fill type="linear" rotation="90">
              <colors>
                <color rgb="0xFAFAFA" alpha="100" stop="0" />
              </colors>
            </fill>
          </color>
          <color name="text_active">
            <fill type="linear" rotation="90">
              <colors>
                <color rgb="0x333333" alpha="100" stop="0" />
              </colors>
            </fill>
          </color>
        </group_colors>
      </color_group>
      <color_group name="seekcontrol">
        <group_colors>
          <color name="bg">
            <fill type="linear" rotation="90">
              <colors>
                <color rgb="0xF5F5F5" alpha="100" stop="0" />
                <color rgb="0xC7C7C7" alpha="100" stop="255" />
              </colors>
            </fill>
          </color>
          <color name="border">
            <fill type="linear" rotation="90">
              <colors>
                <color rgb="0xB1B1B1" alpha="100" stop="0" />
              </colors>
            </fill>
          </color>
          <color name="seek_border">
            <fill type="linear" rotation="90">
              <colors>
                <color rgb="0xB8B8B8" alpha="100" stop="0" />
                <color rgb="0xEEEEEE" alpha="100" stop="255" />
              </colors>
            </fill>
          </color>
          <color name="seek_bg">
            <fill type="linear" rotation="90">
              <colors>
                <color rgb="0xE7E7E7" alpha="100" stop="0" />
              </colors>
            </fill>
          </color>
          <color name="seek_position">
            <fill type="linear" rotation="90">
              <colors>
                <color rgb="0xFFFFFF" alpha="100" stop="0" />
              </colors>
            </fill>
          </color>
          <color name="btn_icon_color">
            <fill type="linear" rotation="90">
              <colors>
                <color rgb="0x2D2D2D" alpha="100" stop="0" />
              </colors>
            </fill>
          </color>
          <color name="btn_icon_hover">
            <fill type="linear" rotation="90">
              <colors>
                <color rgb="0x555555" alpha="100" stop="0" />
              </colors>
            </fill>
          </color>
          <color name="btn_icon_shadow">
            <fill type="linear" rotation="90">
              <colors>
                <color rgb="0xF0F0F0" alpha="100" stop="0" />
              </colors>
            </fill>
          </color>
        </group_colors>
      </color_group>
      <color_group name="tabs">
        <group_colors>
          <color name="bg">
            <fill type="linear" rotation="90">
              <colors>
                <color rgb="0xF3F3F3" alpha="100" stop="0" />
              </colors>
            </fill>
          </color>
          <color name="text">
            <fill type="linear" rotation="90">
              <colors>
                <color rgb="0x555555" alpha="100" stop="0" />
              </colors>
            </fill>
          </color>
          <color name="selected">
            <fill type="linear" rotation="90">
              <colors>
                <color rgb="0x333333" alpha="100" stop="0" />
              </colors>
            </fill>
          </color>
          <color name="hover">
            <fill type="linear" rotation="90">
              <colors>
                <color rgb="0x333333" alpha="100" stop="0" />
              </colors>
            </fill>
          </color>
          <color name="shadow">
            <fill type="linear" rotation="90">
              <colors>
                <color rgb="0xF0F0F0" alpha="100" stop="0" />
              </colors>
            </fill>
          </color>
        </group_colors>
      </color_group>
      <color_group name="transcript">
        <group_colors>
          <color name="div">
            <fill type="linear" rotation="90">
              <colors>
                <color rgb="0xE1E1E1" alpha="100" stop="0" />
              </colors>
            </fill>
          </color>
          <color name="heading_text">
            <fill type="linear" rotation="90">
              <colors>
                <color rgb="0x444444" alpha="100" stop="0" />
              </colors>
            </fill>
          </color>
        </group_colors>
      </color_group>
      <color_group name="outline">
        <group_colors>
          <color name="diva">
            <fill type="linear" rotation="90">
              <colors>
                <color rgb="0xC6C6C6" alpha="100" stop="0" />
              </colors>
            </fill>
          </color>
          <color name="divb">
            <fill type="linear" rotation="90">
              <colors>
                <color rgb="0xF9F9F9" alpha="100" stop="0" />
              </colors>
            </fill>
          </color>
          <color name="divc">
            <fill type="linear" rotation="90">
              <colors>
                <color rgb="0xE1E1E1" alpha="100" stop="0" />
              </colors>
            </fill>
          </color>
          <color name="search_text">
            <fill type="linear" rotation="90">
              <colors>
                <color rgb="0x444444" alpha="100" stop="0" />
              </colors>
            </fill>
          </color>
          <color name="search_hover">
            <fill type="linear" rotation="90">
              <colors>
                <color rgb="0x0000EE" alpha="100" stop="0" />
              </colors>
            </fill>
          </color>
        </group_colors>
      </color_group>
      <color_group name="resource">
        <group_colors>
          <color name="separator">
            <fill type="linear" rotation="90">
              <colors>
                <color rgb="0xE0E0E0" alpha="100" stop="0" />
              </colors>
            </fill>
          </color>
        </group_colors>
      </color_group>
      <color_group name="glossary">
        <group_colors>
          <color name="selected_text">
            <fill type="linear" rotation="90">
              <colors>
                <color rgb="0x353535" alpha="100" stop="0" />
              </colors>
            </fill>
          </color>
          <color name="selected">
            <fill type="linear" rotation="90">
              <colors>
                <color rgb="0xC0E2F1" alpha="100" stop="0" />
              </colors>
            </fill>
          </color>
          <color name="text">
            <fill type="linear" rotation="90">
              <colors>
                <color rgb="0x353535" alpha="100" stop="0" />
              </colors>
            </fill>
          </color>
          <color name="hover">
            <fill type="linear" rotation="90">
              <colors>
                <color rgb="0xE6E6E6" alpha="100" stop="0" />
              </colors>
            </fill>
          </color>
          <color name="diva">
            <fill type="linear" rotation="90">
              <colors>
                <color rgb="0xE2E2E2" alpha="100" stop="0" />
              </colors>
            </fill>
          </color>
          <color name="divb">
            <fill type="linear" rotation="90">
              <colors>
                <color rgb="0xE2E2E2" alpha="100" stop="0" />
              </colors>
            </fill>
          </color>
          <color name="divc">
            <fill type="linear" rotation="90">
              <colors>
                <color rgb="0xFAFAFA" alpha="100" stop="0" />
              </colors>
            </fill>
          </color>
          <color name="bg">
            <fill type="linear" rotation="90">
              <colors>
                <color rgb="0xE7E7E7" alpha="100" stop="0" />
              </colors>
            </fill>
          </color>
          <color name="heading_text">
            <fill type="linear" rotation="90">
              <colors>
                <color rgb="0x444444" alpha="100" stop="0" />
              </colors>
            </fill>
          </color>
        </group_colors>
      </color_group>
      <color_group name="volume">
        <group_colors>
          <color name="thumb_border">
            <fill type="linear" rotation="90">
              <colors>
                <color rgb="0xA5A5A5" alpha="100" stop="0" />
              </colors>
            </fill>
          </color>
          <color name="thumb_inner">
            <fill type="linear" rotation="90">
              <colors>
                <color rgb="0xD4D4D4" alpha="100" stop="0" />
              </colors>
            </fill>
          </color>
          <color name="thumb_bg">
            <fill type="linear" rotation="90">
              <colors>
                <color rgb="0xC8C8C8" alpha="100" stop="0" />
              </colors>
            </fill>
          </color>
          <color name="slider_border">
            <fill type="linear" rotation="90">
              <colors>
                <color rgb="0xF2F2F2" alpha="100" stop="0" />
              </colors>
            </fill>
          </color>
          <color name="slider_bg">
            <fill type="linear" rotation="90">
              <colors>
                <color rgb="0xBCBCBC" alpha="100" stop="0" />
                <color rgb="0xBCBCBC" alpha="100" stop="128" />
                <color rgb="0xC3C3C3" alpha="100" stop="255" />
              </colors>
            </fill>
          </color>
        </group_colors>
      </color_group>
    </colorscheme>
  </colorschemes>
  <string_tables>
    <string_table name="pxabnsnfns00000000101">
      <string id="check_include">Check to include</string>
      <string id="clear">Clear and return to menu</string>
      <string id="close">Close</string>
      <string id="acc_closed_captions">Closed captions. Press the spacebar to toggle captions on and off.</string>
      <string id="continue">Continue</string>
      <string id="continueresponsive">Continue</string>
      <string id="exit">Exit</string>
      <string id="filter">Filter</string>
      <string id="finish">FINISH</string>
      <string id="acc_finish">finish</string>
      <string id="definition">Definition</string>
      <string id="acc_definition">definition</string>
      <string id="glossary">Glossary</string>
      <string id="terms">Terms</string>
      <string id="outline">Menu</string>
      <string id="disabled_orientation">Please rotate your device</string>
      <string id="next">NEXT</string>
      <string id="acc_next">next</string>
      <string id="transcript_chk">Notes</string>
      <string id="transcript">Notes</string>
      <string id="bio">Bio</string>
      <string id="more_info">More info</string>
      <string id="closed_captions">Captions</string>
      <string id="acc_pause">pause</string>
      <string id="acc_play">play</string>
      <string id="send_an_email">Send an email</string>
      <string id="prev">PREV</string>
      <string id="acc_previous">previous</string>
      <string id="question_list">Question List</string>
      <string id="acc_replay">replay</string>
      <string id="resources">Resources</string>
      <string id="acc_resources">resources</string>
      <string id="restart">Restart</string>
      <string id="search">Search...</string>
      <string id="acc_search_input">search</string>
      <string id="search_in">Search in:</string>
      <string id="search_results">Search Results</string>
      <string id="acc_skipnavigation">Skip navigation. Press enter to return to the slide.</string>
      <string id="slide_text_chk">Slide Text</string>
      <string id="submitall">SUBMIT ALL</string>
      <string id="acc_submitall">submit all</string>
      <string id="submit">SUBMIT</string>
      <string id="acc_submit">submit</string>
      <string id="acc_volume">volume</string>
    </string_table>
  </string_tables>
  <fonts>
    <font name="Open Sans">
      <files>
        <file bold="true" italic="false" />
        <file bold="false" italic="false" />
      </files>
    </font>
  </fonts>
  <sounds enabled="true" />
  <nav_data>
    <outline>
      <links>
        <slidelink slideid="_player.6mih7etwqaS" displaytext="Cover" expand="true" type="slide">
          <links>
            <slidelink slideid="_player.6mih7etwqaS.6BlKsqqal54" displaytext="Untitled Slide" expand="false" type="slide" />
          </links>
        </slidelink>
        <slidelink slideid="_player.5nQPPAbl8cI" displaytext="Main Menu 1" expand="true" type="slide">
          <links>
            <slidelink slideid="_player.5nQPPAbl8cI.5krtbHHzsOs" displaytext="Untitled Slide" expand="false" type="slide" />
            <slidelink slideid="_player.5nQPPAbl8cI.5waUBmLfltC" displaytext="Main menu kalo cowok" expand="false" type="slide" />
          </links>
        </slidelink>
        <slidelink slideid="_player.5oH6NzSNZ8A" displaytext="Main Menu 2" expand="true" type="slide">
          <links>
            <slidelink slideid="_player.5oH6NzSNZ8A.6KZ8v5N2NeK" displaytext="Untitled Slide" expand="false" type="slide" />
            <slidelink slideid="_player.5oH6NzSNZ8A.5cicuU5NMSy" displaytext="Main menu kalo cewek" expand="false" type="slide" />
          </links>
        </slidelink>
        <slidelink slideid="_player.5cYB6vGtcIu" displaytext="KD dan IPK" expand="true" type="slide">
          <links>
            <slidelink slideid="_player.5cYB6vGtcIu.6LPuBACntRr" displaytext="KD IPK" expand="false" type="slide" />
            <slidelink slideid="_player.5cYB6vGtcIu.6El3hwoupg5" displaytext="KD IPK" expand="false" type="slide" />
          </links>
        </slidelink>
        <slidelink slideid="_player.5XPxTDmwiY4" displaytext="Glosarium" expand="true" type="slide">
          <links>
            <slidelink slideid="_player.5XPxTDmwiY4.5huve6faa5p" displaytext="Glosarium" expand="false" type="slide" />
          </links>
        </slidelink>
        <slidelink slideid="_player.65eNjlZvM4C" displaytext="Deskripsi Materi" expand="true" type="slide">
          <links>
            <slidelink slideid="_player.65eNjlZvM4C.6pRRjUkoluh" displaytext="Deskripsi Materi" expand="false" type="slide" />
          </links>
        </slidelink>
        <slidelink slideid="_player.5eM374JwNat" displaytext="Pembelajaran 1" expand="true" type="slide">
          <links>
            <slidelink slideid="_player.5eM374JwNat.6lBLBNtHtaR" displaytext="Untitled Slide" expand="false" type="slide" />
            <slidelink slideid="_player.5eM374JwNat.5VA9l77rlFI" displaytext="PEMBELAJARAN 1" expand="false" type="slide" />
            <slidelink slideid="_player.5eM374JwNat.6eqrFtQp8cD" displaytext="Untitled Slide" expand="false" type="slide" />
            <slidelink slideid="_player.5eM374JwNat.6T9JguukRp2" displaytext="Untitled Slide" expand="false" type="slide" />
            <slidelink slideid="_player.5eM374JwNat.6DYBDei5Z00" displaytext="Untitled Slide" expand="false" type="slide" />
            <slidelink slideid="_player.5eM374JwNat.5cMsVZf5OFp" displaytext="Untitled Slide" expand="false" type="slide" />
            <slidelink slideid="_player.5eM374JwNat.5zXj6V2Uj28" displaytext="Untitled Slide" expand="false" type="slide" />
            <slidelink slideid="_player.5eM374JwNat.6aOPzaP8rbl" displaytext="Untitled Slide" expand="false" type="slide" />
            <slidelink slideid="_player.5eM374JwNat.5iKaA29xstN" displaytext="Pendahuluan 1" expand="false" type="slide" />
            <slidelink slideid="_player.5eM374JwNat.6r1WG8yYnGp" displaytext="Untitled Slide" expand="false" type="slide" />
            <slidelink slideid="_player.5eM374JwNat.5ctS0mvlXjp" displaytext="Untitled Slide" expand="false" type="slide" />
            <slidelink slideid="_player.5eM374JwNat.6QKuacXAFrA" displaytext="Untitled Slide" expand="false" type="slide" />
            <slidelink slideid="_player.5eM374JwNat.6cNH0HEAKo9" displaytext="Untitled Slide" expand="false" type="slide" />
            <slidelink slideid="_player.5eM374JwNat.5bCNSiCeyLx" displaytext="Untitled Slide" expand="false" type="slide" />
            <slidelink slideid="_player.5eM374JwNat.6RdjsXQAmrU" displaytext="Untitled Slide" expand="false" type="slide" />
            <slidelink slideid="_player.5eM374JwNat.5dZWjilvY3x" displaytext="Untitled Slide" expand="false" type="slide" />
          </links>
        </slidelink>
        <slidelink slideid="_player.5nMjsENLkNm" displaytext="Pembelajaran 2" expand="true" type="slide">
          <links>
            <slidelink slideid="_player.5nMjsENLkNm.6PCsiu7BW7y" displaytext="PEMBELAJARAN 2" expand="false" type="slide" />
            <slidelink slideid="_player.5nMjsENLkNm.67pLgxatPgW" displaytext="Untitled Slide" expand="false" type="slide" />
            <slidelink slideid="_player.5nMjsENLkNm.5l80vNzm2Qr" displaytext="Untitled Slide" expand="false" type="slide" />
            <slidelink slideid="_player.5nMjsENLkNm.6KwoIxou9F0" displaytext="Untitled Slide" expand="false" type="slide" />
            <slidelink slideid="_player.5nMjsENLkNm.6eCWYGVuB2e" displaytext="PEMBELAJARAN 2" expand="false" type="slide" />
            <slidelink slideid="_player.5nMjsENLkNm.6E6rtv4xtXJ" displaytext="Untitled Slide" expand="false" type="slide" />
            <slidelink slideid="_player.5nMjsENLkNm.6KmupPnYoWW" displaytext="Untitled Slide" expand="false" type="slide" />
            <slidelink slideid="_player.5nMjsENLkNm.626Pjf8ixnb" displaytext="PEMBELAJARAN 2" expand="false" type="slide" />
            <slidelink slideid="_player.5nMjsENLkNm.6jIzt70DxxG" displaytext="Untitled Slide" expand="false" type="slide" />
            <slidelink slideid="_player.5nMjsENLkNm.66xJBrjchJ2" displaytext="Untitled Slide" expand="false" type="slide" />
            <slidelink slideid="_player.5nMjsENLkNm.5kbnkIP0iRu" displaytext="Untitled Slide" expand="false" type="slide" />
            <slidelink slideid="_player.5nMjsENLkNm.5zsngLh8ovn" displaytext="PEMBELAJARAN 2" expand="false" type="slide" />
            <slidelink slideid="_player.5nMjsENLkNm.5vIYCB28BYz" displaytext="Untitled Slide" expand="false" type="slide" />
            <slidelink slideid="_player.5nMjsENLkNm.5yz7awwOKwy" displaytext="PEMBELAJARAN 2" expand="false" type="slide" />
            <slidelink slideid="_player.5nMjsENLkNm.6L7YgyrGRn8" displaytext="Untitled Slide" expand="false" type="slide" />
            <slidelink slideid="_player.5nMjsENLkNm.6NiUQatsc8m" displaytext="PEMBELAJARAN 2" expand="false" type="slide" />
            <slidelink slideid="_player.5nMjsENLkNm.60QKLu44F3R" displaytext="Untitled Slide" expand="false" type="slide" />
            <slidelink slideid="_player.5nMjsENLkNm.5epOzmb6pcP" displaytext="PEMBELAJARAN 2" expand="false" type="slide" />
          </links>
        </slidelink>
        <slidelink slideid="_player.5n5Ca4RdUcv" displaytext="Pembelajaran 3" expand="true" type="slide">
          <links>
            <slidelink slideid="_player.5n5Ca4RdUcv.5wH79Q7rkKJ" displaytext="PEMBELAJARAN 3" expand="false" type="slide" />
            <slidelink slideid="_player.5n5Ca4RdUcv.63XuIaDyOTw" displaytext="cara dispersi" expand="false" type="slide" />
            <slidelink slideid="_player.5n5Ca4RdUcv.662PZ9GiXbg" displaytext="PEMBELAJARAN 3" expand="false" type="slide" />
            <slidelink slideid="_player.5n5Ca4RdUcv.5Wh0s0uyjZJ" displaytext="PEMBELAJARAN 3" expand="false" type="slide" />
            <slidelink slideid="_player.5n5Ca4RdUcv.5gx1MaWhtW6" displaytext="PEMBELAJARAN 3" expand="false" type="slide" />
            <slidelink slideid="_player.5n5Ca4RdUcv.5mUcQF7iJwB" displaytext="PEMBELAJARAN 3" expand="false" type="slide" />
          </links>
        </slidelink>
        <slidelink slideid="_player.6pny0CleOWh" displaytext="Petunjuk Penggunaan" expand="true" type="slide">
          <links>
            <slidelink slideid="_player.6pny0CleOWh.5qK9LFKDlpv" displaytext="Petunjuk Penggunaan" expand="false" type="slide" />
            <slidelink slideid="_player.6pny0CleOWh.6MmtpdK3uO6" displaytext="Petunjuk Simbol" expand="false" type="slide" />
          </links>
        </slidelink>
        <slidelink slideid="_player.6h7rxj5hnQH" displaytext="main menu 3" expand="true" type="slide">
          <links>
            <slidelink slideid="_player.6h7rxj5hnQH.6gPAEV7ydaC" displaytext="main menu home" expand="false" type="slide" />
          </links>
        </slidelink>
        <slidelink slideid="_player.5YxxgkGwCUQ" displaytext="Evaluasi" expand="true" type="slide">
          <links>
            <slidelink slideid="_player.5YxxgkGwCUQ.6qmkKEYO4HH" displaytext="Salah satu perbedaan antara koloid dengan suspensi adalah…" expand="false" type="slide" />
            <slidelink slideid="_player.5YxxgkGwCUQ.5pwKbQFNeNF" displaytext=" Contoh koloid dibawah ini yang merupakan sistem koloid padat dalam gas adalah.." expand="false" type="slide" />
            <slidelink slideid="_player.5YxxgkGwCUQ.6CzZ5K9joEq" displaytext=" Mutiara merupakan contoh koloid…" expand="false" type="slide" />
            <slidelink slideid="_player.5YxxgkGwCUQ.5lagnqakYeV" displaytext=" Perhatikan pilihan dibawah ini:&#xA;a.	Kabut		c. Mutiara		e. Asap kendaraan&#xA;b.	Buih sabun	d. Keju&#xA;Kelompok koloid yang memiliki fase terdispersi yang sama adalah…" expand="false" type="slide" />
            <slidelink slideid="_player.5YxxgkGwCUQ.6A2uxuhAXjM" displaytext="	Diantara zat berikut yang termasuk aerosol adalah.." expand="false" type="slide" />
            <slidelink slideid="_player.5YxxgkGwCUQ.6H9piskv7Ph" displaytext="Gerak brown terjadi akibat…" expand="false" type="slide" />
            <slidelink slideid="_player.5YxxgkGwCUQ.5sdU8ejSrpR" displaytext="Penghamburan berkas sinar didalam sistem koloid disebut…" expand="false" type="slide" />
            <slidelink slideid="_player.5YxxgkGwCUQ.6rLNHTEQRPv" displaytext="	Beberapa sifat koloid:&#xA;1)	Elektroforesis	&#xA;2)	Adsorpsi&#xA;3)	Efek Tyndall	&#xA;4)	Koagulasi	&#xA;5)	Dialisis&#xA;Pengobatan diare dengan norit dan proses cuci darah merupakan contoh penerapan&#xA;sifat koloid ditunjukkan oleh nomor…." expand="false" type="slide" />
            <slidelink slideid="_player.5YxxgkGwCUQ.6U6QVSkBEtI" displaytext="Perhatikan peristiwa yang berhubungan dengan sifat koloid berikut :&#xA;a)	Susu yang basi&#xA;b)	Pembuatan tahu&#xA;c)	Penggunaan norit untuk obat sakit perut&#xA;d)	Penghilangan kotoran pada proses pembuatan sirup&#xA;Dari peristiwa diatas, yang merupakan penerapan sifat adsorpsi dalam kehidupan sehari-hari adalah …" expand="false" type="slide" />
            <slidelink slideid="_player.5YxxgkGwCUQ.6UkL3Lbcl0e" displaytext="Umumnya masyarakat menggunakan tawas untuk menjernihkan air, baik aiir sumur, air PAM, atau jenis air lannya. Prinsip penjernihan air dengan menggunakan tawas berkaiitan dengan sifat koloid yaitu.." expand="false" type="slide" />
            <slidelink slideid="_player.5YxxgkGwCUQ.6MLdOrDMozP" displaytext="Koloid dimurnikan dengan cara.." expand="false" type="slide" />
            <slidelink slideid="_player.5YxxgkGwCUQ.6JYw1F7UhJt" displaytext="Pembuatan koloid dengan cara kondensasi dilakukan dengan…" expand="false" type="slide" />
            <slidelink slideid="_player.5YxxgkGwCUQ.6QVSyR4NcYo" displaytext="Cara pembuatan koloid dengan mengubah partikel kasar menjadi partikel koloid disebut…" expand="false" type="slide" />
            <slidelink slideid="_player.5YxxgkGwCUQ.66oHHSHU66J" displaytext="Pemurnian koloid juga dapat dilakukan dengan penyaringan. Penyaringan harus dilakukan dengan kertas saring berpori halus dan pompa air atau pompa vakum. Apakah cara pemurnian koloid yang dimaksud.." expand="false" type="slide" />
            <slidelink slideid="_player.5YxxgkGwCUQ.5iTJG6o5ZVN" displaytext="Keju merupakan salah satu jenis koloid berupa emulsi padat. Keju adalah sebuah makanan yang dihasilkan dengan memisahkan zat-zat padat dalam susu melalui proses pengentalan atau koagulasi. Cara apakah yang digunakan dalam pembuatan keju?" expand="false" type="slide" />
          </links>
        </slidelink>
        <slidelink slideid="_player.60Uy3a5KRpn" displaytext="Untitled Scene" expand="true" type="slide">
          <links>
            <slidelink slideid="_player.60Uy3a5KRpn.5sdUG3yvyHu" displaytext="Pick Many" expand="false" type="slide" />
            <slidelink slideid="_player.60Uy3a5KRpn.6bQ6VK8Cbu3" displaytext="Drag and Drop" expand="false" type="slide" />
            <slidelink slideid="_player.60Uy3a5KRpn.66VUkQlKRsY" displaytext="Drag and Drop" expand="false" type="slide" />
          </links>
        </slidelink>
        <slidelink slideid="_player.601r4O3HKQK" displaytext="Untitled Scene" expand="true" type="slide">
          <links>
            <slidelink slideid="_player.601r4O3HKQK.6f96IW1qUib" displaytext="Pick One" expand="false" type="slide" />
            <slidelink slideid="_player.601r4O3HKQK.6HUUuskBxXC" displaytext="Pick One" expand="false" type="slide" />
            <slidelink slideid="_player.601r4O3HKQK.6ZKhIVRY011" displaytext="Drag and Drop" expand="false" type="slide" />
          </links>
        </slidelink>
        <slidelink slideid="_player.6LoKRKiqeyi" displaytext="Untitled Scene" expand="true" type="slide">
          <links>
            <slidelink slideid="_player.6LoKRKiqeyi.6kWSTWKM5TZ" displaytext="Drag and Drop" expand="false" type="slide" />
            <slidelink slideid="_player.6LoKRKiqeyi.6maWVsKAlvs" displaytext="Drag and Drop" expand="false" type="slide" />
            <slidelink slideid="_player.6LoKRKiqeyi.6onNLP9lL0D" displaytext="Drag and Drop" expand="false" type="slide" />
          </links>
        </slidelink>
        <slidelink slideid="_player.6Dofsgjovnd" displaytext="evaluasi log in" expand="true" type="slide">
          <links>
            <slidelink slideid="_player.6Dofsgjovnd.5tVkZrSXd3B" displaytext="Untitled Slide" expand="false" type="slide" />
          </links>
        </slidelink>
        <slidelink slideid="_player.5z2oqX1PvDO" displaytext="Untitled Scene" expand="true" type="slide">
          <links>
            <slidelink slideid="_player.5z2oqX1PvDO.6mUMlSlRUGJ" displaytext="Untitled Slide" expand="false" type="slide" />
          </links>
        </slidelink>
        <slidelink slideid="_player.5wg20yR7gEQ" displaytext="Peta Konsep" expand="true" type="slide">
          <links>
            <slidelink slideid="_player.5wg20yR7gEQ.5tSWE8hX3gC" displaytext="Untitled Slide" expand="false" type="slide" />
          </links>
        </slidelink>
      </links>
    </outline>
  </nav_data>
  <resource_data description="" />
  <transcript_data />
  <glossary_data />
</bwFrame>